﻿자치구,소재지,지정연도
종로구,부암동,2006
종로구,종로1.2.3.4가동,2006
종로구,이화동,1995
종로구,무악동,2005
종로구,사직동,2005
종로구,창신3동,1995
종로구,부암동,2006
종로구,가회동,2005
종로구,창신1동,1995
종로구,청운효자동,2005
종로구,혜화동,1995
종로구,종로5.6가동,1995
종로구,종로1.2.3.4가동,2006
종로구,청운효자동,2005
종로구,종로5.6가동,2009
종로구,부암동,2010
종로구,부암동,2010
종로구,사직동,2009
종로구,청운효자동,2007
종로구,종로1.2.3.4가동,2006
종로구,혜화동,2013
종로구,혜화동,1997
종로구,창신3동,2010
종로구,가회동,2005
종로구,창신1동,1995
종로구,혜화동,1995
종로구,청운효자동,2013
종로구,숭인2동,2019
종로구,혜화동,2006
종로구,청운효자동,2010
종로구,부암동,2009
종로구,교남동,2008
종로구,종로1.2.3.4가동,2019
종로구,창신3동,2012
종로구,종로5.6가동,2008
종로구,창신3동,2006
종로구,평창동,2015
종로구,창신2동,2013
종로구,청운효자동,2011
종로구,숭인2동,2012
종로구,청운효자동,1997
종로구,청운효자동,1997
종로구,사직동,2007
종로구,평창동,2010
종로구,교북동,2025
중구,청구동,1998
중구,필동,1998
중구,신당동,2007
중구,명동,1996
중구,소공동,1995
중구,중림동,1996
중구,신당5동,1997
중구,다산동,1998
중구,청구동,1997
중구,장충동,1996
중구,동화동,1997
중구,필동,1998
중구,중림동,2008
중구,다산동,2008
중구,필동,2010
중구,다산동,2010
중구,약수동,2008
중구,청구동,2008
중구,신당5동,2008
중구,신당동,2010
중구,소공동,2010
중구,장충동,2010
중구,장충동,2021
중구,약수동,2007
중구,다산동,2007
중구,황학동,2016
중구,동화동,2007
중구,황학동,2019
중구,소공동,2006
중구,신당5동,2007
중구,신당동,2007
중구,약수동,2007
중구,약수동,2007
중구,중림동,2018
중구,청구동,2007
중구,필동,2017
중구,약수동,2007
중구,다산동,2020
중구,황학동,2007
중구,회현동,2006
중구,명동,1997
중구,입정동,2025
용산구,효창동,1995
용산구,원효로1동,1996
용산구,후암동,1998
용산구,서빙고동,1995
용산구,이촌1동,1998
용산구,한강로동,1997
용산구,용산2가동,1998
용산구,원효로2동,1995
용산구,이태원2동,1996
용산구,청파동,1997
용산구,한강로동,1998
용산구,한남동,1997
용산구,후암동,1998
용산구,청파동,1998
용산구,이촌1동,2007
용산구,원효로2동,1997
용산구,이촌1동,2010
용산구,용문동,1998
용산구,후암동,1997
용산구,청파동,2010
용산구,이촌1동,2010
용산구,원효로2동,2001
용산구,이촌1동,2007
용산구,이촌1동,2010
용산구,원효로1동,2004
용산구,서빙고동,2010
용산구,한남동,2001
용산구,서빙고동,2006
용산구,한남동,2018
용산구,이촌2동,2006
용산구,이태원1동,2011
용산구,이촌1동,2006
용산구,한남동,2013
용산구,한남동,2000
용산구,한남동,2006
성동구,성수1가1동,1995
성동구,성수2가1동,1995
성동구,성수1가1동,1995
성동구,금호1가동,1996
성동구,금호4가동,1997
성동구,금호2.3가동,1997
성동구,마장동,1995
성동구,옥수동,2010
성동구,마장동,1997
성동구,왕십리2동,1997
성동구,사근동,1995
성동구,성수2가3동,1996
성동구,송정동,2009
성동구,왕십리도선동,2016
성동구,금호4가동,1997
성동구,옥수동,1996
성동구,용답동,1998
성동구,응봉동,2002
성동구,행당1동,1996
성동구,행당2동,2005
성동구,사근동,2020
성동구,금호1가동,2009
성동구,성수1가1동,2010
성동구,성수1가1동,2008
성동구,왕십리도선동,2006
성동구,응봉동,2009
성동구,마장동,1998
성동구,금호4가동,2010
성동구,옥수동,2010
성동구,행당1동,2006
성동구,사근동,2010
성동구,성수2가1동,2010
성동구,마장동,2010
성동구,사근동,2010
성동구,송정동,2010
성동구,금호4가동,2010
성동구,옥수동,2010
성동구,금호1가동,2011
성동구,마장동,1997
성동구,마장동,2011
성동구,금호2.3가동,2017
성동구,옥수동,2006
성동구,왕십리도선동,2017
성동구,행당1동,2009
성동구,행당1동,2021
성동구,행당2동,2006
성동구,왕십리도선동,2016
성동구,용답동,2011
광진구,능동,1998
광진구,광장동,1998
광진구,광장동,1995
광진구,구의2동,2003
광진구,구의3동,1995
광진구,화양동,1995
광진구,구의2동,1995
광진구,자양3동,1995
광진구,자양2동,1998
광진구,자양3동,1998
광진구,자양2동,1995
광진구,자양2동,1996
광진구,광장동,2005
광진구,중곡4동,1998
광진구,중곡2동,1996
광진구,자양1동,1995
광진구,군자동,1995
광진구,중곡3동,1998
광진구,중곡3동,1998
광진구,자양2동,1996
광진구,군자동,1998
광진구,광장동,1997
광진구,광장동,2009
광진구,자양3동,1998
광진구,군자동,2010
광진구,광장동,2009
광진구,자양2동,1997
광진구,군자동,2006
광진구,구의2동,2010
광진구,자양1동,1998
광진구,구의2동,1998
광진구,능동,1997
광진구,구의2동,2010
광진구,자양3동,2008
광진구,광장동,2010
광진구,구의3동,2008
광진구,자양3동,2009
광진구,화양동,2010
광진구,자양2동,2010
광진구,자양2동,2010
광진구,광장동,2010
광진구,자양1동,2010
광진구,중곡3동,2021
광진구,구의1동,2019
광진구,구의2동,2009
광진구,구의3동,2010
광진구,능동,2020
광진구,능동,2007
광진구,능동,2021
광진구,구의1동,2013
광진구,광장동,2007
광진구,중곡3동,2011
광진구,중곡2동,2010
광진구,구의3동,2015
광진구,자양1동,2018
광진구,자양3동,2007
광진구,구의3동,2007
광진구,구의1동,2007
광진구,군자동,2012
광진구,자양3동,2007
광진구,구의3동,2007
광진구,구의2동,2022
광진구,구의3동,2020
광진구,광장동,2020
광진구,구의2동,2018
동대문구,장안1동,1995
동대문구,답십리1동,1995
동대문구,답십리2동,1995
동대문구,전농2동,1996
동대문구,회기동,1997
동대문구,답십리1동,1995
동대문구,장안1동,1995
동대문구,용신동,1998
동대문구,이문2동,1997
동대문구,장안2동,1995
동대문구,전농2동,1996
동대문구,전농1동,1996
동대문구,전농2동,1996
동대문구,제기동,1995
동대문구,회기동,1995
동대문구,청량리동,1995
동대문구,제기동,1998
동대문구,휘경2동,1997
동대문구,휘경2동,2006
동대문구,장안2동,1997
동대문구,답십리2동,2011
동대문구,이문1동,2009
동대문구,전농2동,2016
동대문구,이문2동,2010
동대문구,휘경2동,2010
동대문구,장안1동,2008
동대문구,제기동,1998
동대문구,휘경2동,2008
동대문구,전농2동,2006
동대문구,이문1동,2006
동대문구,장안1동,2010
동대문구,답십리1동,2010
동대문구,장안2동,2010
동대문구,전농2동,2010
동대문구,제기동,2010
동대문구,휘경2동,2010
동대문구,용신동,2024
동대문구,전농1동,2009
동대문구,휘경1동,2021
동대문구,답십리2동,2020
동대문구,답십리2동,2016
동대문구,용신동,2018
동대문구,답십리1동,2009
동대문구,장안1동,2009
동대문구,장안2동,2009
동대문구,장안1동,2011
동대문구,전농1동,2019
동대문구,장안1동,2015
동대문구,장안1동,2016
동대문구,휘경1동,2019
동대문구,장안2동,2019
동대문구,이문2동,2021
동대문구,제기동,2020
동대문구,장안2동,2019
동대문구,제기동,2012
동대문구,제기동,2015
동대문구,답십리2동,2016
동대문구,용신동,2023
동대문구,답십리2동,2016
동대문구,청량리동,2021
동대문구,장안2동,2011
동대문구,장안1동,2009
동대문구,장안1동,2020
동대문구,답십리2동,2009
동대문구,이문2동,2012
동대문구,답십리1동,2009
동대문구,장안1동,2021
동대문구,장안1동,2009
동대문구,제기동,2009
동대문구,용신동,2011
동대문구,회기동,2013
동대문구,휘경2동,2009
중랑구,신내2동,1997
중랑구,망우본동,1997
중랑구,망우본동,1995
중랑구,면목7동,1995
중랑구,면목본동,1995
중랑구,면목본동,1997
중랑구,망우3동,1995
중랑구,망우3동,1996
중랑구,면목제3.8동,1995
중랑구,중화1동,1996
중랑구,묵2동,2004
중랑구,신내2동,1997
중랑구,상봉1동,1996
중랑구,신내1동,2013
중랑구,신내1동,1995
중랑구,묵2동,1996
중랑구,신내2동,1997
중랑구,망우본동,2024
중랑구,묵1동,1997
중랑구,면목4동,1995
중랑구,면목2동,1995
중랑구,면목2동,1998
중랑구,신내2동,1995
중랑구,중화1동,2000
중랑구,면목4동,1998
중랑구,면목7동,2006
중랑구,묵1동,2009
중랑구,면목본동,2013
중랑구,면목2동,1998
중랑구,중화2동,2009
중랑구,신내2동,1997
중랑구,상봉1동,2015
중랑구,망우본동,2017
중랑구,망우본동,2010
중랑구,묵2동,2010
중랑구,면목4동,2010
중랑구,면목2동,2010
중랑구,상봉2동,2006
중랑구,상봉1동,2006
중랑구,중화2동,2010
중랑구,면목4동,2006
중랑구,중화2동,1997
성북구,장위3동,1997
성북구,보문동,1995
성북구,돈암1동,1997
성북구,돈암1동,2003
성북구,길음1동,2006
성북구,길음1동,1997
성북구,동선동,1995
성북구,보문동,1996
성북구,길음1동,1996
성북구,삼선동,1995
성북구,석관동,2005
성북구,석관동,1995
성북구,성북동,1996
성북구,월곡1동,1997
성북구,정릉2동,1995
성북구,종암동,1996
성북구,월곡1동,2009
성북구,안암동,1995
성북구,장위2동,1996
성북구,종암동,2000
성북구,장위1동,1995
성북구,장위3동,2006
성북구,장위2동,1997
성북구,동선동,1995
성북구,정릉4동,1997
성북구,정릉2동,1997
성북구,정릉3동,1996
성북구,동선동,1997
성북구,돈암2동,1995
성북구,정릉4동,2010
성북구,길음1동,2010
성북구,성북동,1998
성북구,월곡2동,1997
성북구,보문동,2008
성북구,길음1동,2013
성북구,돈암2동,1998
성북구,종암동,1997
성북구,성북동,2008
성북구,정릉1동,2007
성북구,길음1동,2010
성북구,돈암2동,2008
성북구,길음1동,2008
성북구,길음2동,2008
성북구,길음1동,1998
성북구,동선동,2010
성북구,돈암2동,1998
성북구,보문동,2008
성북구,안암동,2008
성북구,종암동,2008
성북구,장위1동,2010
성북구,돈암2동,2010
성북구,보문동,2004
성북구,석관동,1995
성북구,돈암2동,2008
성북구,월곡2동,2000
성북구,정릉4동,2008
성북구,장위1동,1997
성북구,정릉1동,2010
성북구,돈암1동,2000
성북구,길음1동,2010
성북구,동선동,2010
성북구,보문동,2010
성북구,삼선동,2010
성북구,석관동,1995
성북구,성북동,2010
성북구,월곡1동,1997
성북구,종암동,1996
성북구,장위3동,2006
성북구,동선동,2010
성북구,정릉3동,2010
성북구,돈암2동,2014
성북구,안암동,2019
성북구,길음1동,2020
성북구,길음1동,2012
성북구,길음1동,2021
성북구,돈암2동,2016
성북구,월곡2동,2010
성북구,보문동,2021
성북구,정릉3동,2010
성북구,월곡1동,2010
성북구,정릉4동,2015
성북구,성북동,2010
성북구,월곡1동,2018
성북구,정릉4동,2009
성북구,석관동,2021
성북구,안암동,2009
성북구,정릉4동,2012
성북구,월곡1동,2012
성북구,길음1동,2010
성북구,정릉3동,2016
성북구,장위3동,2010
성북구,장위2동,2020
성북구,종암동,2009
성북구,종암동,2015
성북구,정릉1동,2010
성북구,석관동,2020
성북구,성북동,2013
성북구,성북동 ,1997
강북구,삼양동,1995
강북구,번3동,1997
강북구,삼각산동,2003
강북구,삼양동,1995
강북구,송중동,1995
강북구,송천동,1998
강북구,번1동,2001
강북구,수유1동,1996
강북구,번3동,1997
강북구,인수동,1996
강북구,수유1동,1998
강북구,인수동,1995
강북구,송중동,1995
강북구,송천동,1998
강북구,번2동,2010
강북구,수유2동,1997
강북구,삼양동,2003
강북구,우이동,1998
강북구,인수동,1997
강북구,삼양동,2010
강북구,수유1동,2010
강북구,번2동,2007
강북구,삼양동,2007
강북구,수유2동,2023
강북구,삼양동,2007
강북구,인수동,2007
강북구,번3동,2010
강북구,우이동,2010
강북구,수유1동,2007
강북구,송중동,2009
강북구,우이동,2010
강북구,송중동,2010
강북구,미아동,1997
강북구,수유1동,2001
강북구,삼양동,2021
강북구,수유1동,1997
도봉구,쌍문4동,1995
도봉구,창5동,2005
도봉구,도봉2동,2006
도봉구,도봉1동,1998
도봉구,방학2동,1995
도봉구,쌍문1동,1995
도봉구,쌍문1동,1997
도봉구,방학3동,1998
도봉구,창3동,1995
도봉구,방학3동,1996
도봉구,창3동,1996
도봉구,쌍문1동,1995
도봉구,도봉1동,2000
도봉구,창4동,1997
도봉구,창4동,1998
도봉구,쌍문2동,1995
도봉구,방학1동,1997
도봉구,창5동,1998
도봉구,창2동,2000
도봉구,창5동,1995
도봉구,창1동,1997
도봉구,방학3동,1995
도봉구,쌍문4동,1996
도봉구,방학3동,2009
도봉구,방학1동,2008
도봉구,창5동,2010
도봉구,창4동,2010
도봉구,쌍문4동,2008
도봉구,창5동,1997
도봉구,창3동,2008
도봉구,방학3동,2006
도봉구,쌍문4동,2010
도봉구,창4동,2010
도봉구,창2동,2009
도봉구,창1동,2010
도봉구,쌍문1동,2010
도봉구,쌍문4동,1998
도봉구,도봉1동,2010
도봉구,창3동,2010
도봉구,창5동,2010
도봉구,방학2동,2006
도봉구,쌍문1동,2006
도봉구,도봉2동,2019
도봉구,방학2동,2017
도봉구,방학3동,2010
도봉구,창2동,2023
도봉구,창3동,2009
도봉구,쌍문2동,2009
도봉구,창5동,2012
도봉구,쌍문1동,2010
도봉구,쌍문2동,2006
도봉구,쌍문3동,2006
도봉구,쌍문1동,2014
도봉구,방학3동,2022
도봉구,쌍문1동,2008
도봉구,창2동,2019
도봉구,창2동,2011
도봉구,창3동,2010
도봉구,창4동,2006
도봉구,창4동,2015
도봉구,방학1동,2006
도봉구,쌍문2동,2014
도봉구,도봉1동,1997
도봉구,도봉동,2025
도봉구,창5동,2025
노원구,중계2.3동,1998
노원구,상계5동,2002
노원구,공릉1동,1998
노원구,공릉1동,1995
노원구,상계1동,1995
노원구,상계1동,1995
노원구,월계3동,1996
노원구,상계6.7동,1998
노원구,상계3.4동,2003
노원구,상계8동,1996
노원구,중계본동,1995
노원구,상계8동,1996
노원구,상계2동,1995
노원구,상계10동,1998
노원구,상계6.7동,1996
노원구,상계9동,1996
노원구,상계10동,1995
노원구,상계6.7동,1998
노원구,월계1동,1995
노원구,상계1동,1998
노원구,중계본동,2000
노원구,월계2동,1995
노원구,상계3.4동,1995
노원구,월계3동,1998
노원구,하계1동,1996
노원구,상계9동,1998
노원구,중계2.3동,1996
노원구,공릉1동,1998
노원구,중계1동,1997
노원구,월계2동,1996
노원구,중계1동,1995
노원구,중계4동,1995
노원구,중계2.3동,1997
노원구,하계2동,1998
노원구,하계2동,1996
노원구,중계2.3동,1998
노원구,공릉2동,2001
노원구,공릉2동,1995
노원구,월계3동,1996
노원구,상계9동,1998
노원구,공릉2동,1998
노원구,공릉2동,1998
노원구,중계2.3동,2010
노원구,공릉1동,2006
노원구,중계4동,2008
노원구,공릉2동,2010
노원구,상계1동,2010
노원구,월계2동,2010
노원구,상계3.4동,2008
노원구,월계2동,2010
노원구,상계3.4동,2008
노원구,공릉2동,2010
노원구,월계1동,2005
노원구,월계3동,2010
노원구,중계2.3동,1998
노원구,상계1동,1995
노원구,월계3동,2010
노원구,하계2동,2008
노원구,하계1동,2006
노원구,상계6.7동,1998
노원구,상계10동,1998
노원구,중계2.3동,1998
노원구,공릉1동,1997
노원구,상계8동,2015
노원구,중계1동,2012
노원구,중계본동,2012
노원구,상계9동,2010
노원구,월계2동,2010
노원구,중계4동,2012
노원구,상계10동,2012
노원구,하계2동,2008
노원구,하계1동,2006
노원구,공릉1동,2010
노원구,상계8동,2010
노원구,상계8동,2010
노원구,상계10동,2010
노원구,상계1동,2010
노원구,중계본동,2010
노원구,상계3.4동,2010
노원구,하계1동,2010
노원구,공릉2동,2010
노원구,공릉2동,2008
노원구,상계1동,2008
노원구,상계1동,2008
노원구,상계3.4동,2008
노원구,상계2동,2008
노원구,공릉1동,2008
노원구,월계1동,2008
노원구,중계본동,1997
노원구,중계본동,2017
노원구,하계1동,2017
노원구,상계1동,2010
노원구,하계1동,2008
노원구,상계6.7동,2008
노원구,하계1동,1997
노원구,하계1동,2012
노원구,중계1동,2020
노원구,중계본동,2020
노원구,중계본동,2020
노원구,중계1동,2020
노원구,중계본동,2020
노원구,중계1동,2020
노원구,중계1동,2021
노원구,중계본동,2020
노원구,중계1동,2020
노원구,중계본동,2020
노원구,중계1동,2021
노원구,중계본동,2020
노원구,중계본동,2020
노원구,중계본동,2020
노원구,중계본동,2020
노원구,중계1동,2020
노원구,중계1동,2021
노원구,중계1동,2021
노원구,중계본동,2020
노원구,중계본동,2020
은평구,갈현2동,1995
은평구,구산동,1995
은평구,구산동,2009
은평구,녹번동,1995
은평구,대조동,1996
은평구,대조동,1995
은평구,진관동,1995
은평구,불광1동,1995
은평구,신사2동,1997
은평구,신사2동,2005
은평구,불광1동,2011
은평구,수색동,1995
은평구,진관동,1996
은평구,신사2동,1995
은평구,녹번동,2018
은평구,역촌동,1995
은평구,불광2동,2004
은평구,불광2동,1995
은평구,응암2동,1997
은평구,불광2동,1995
은평구,응암1동,2008
은평구,진관동,2011
은평구,진관동,2009
은평구,녹번동,1995
은평구,응암3동,1995
은평구,증산동,1995
은평구,진관동,2008
은평구,갈현2동,1995
은평구,구산동,1995
은평구,응암3동,1997
은평구,진관동,2009
은평구,증산동,2009
은평구,불광1동,1998
은평구,역촌동,1997
은평구,불광1동,2007
은평구,갈현2동,2007
은평구,진관동,2013
은평구,역촌동,1997
은평구,진관동,2012
은평구,갈현2동,2010
은평구,진관동,2012
은평구,구산동,2010
은평구,응암2동,2003
은평구,녹번동,2009
은평구,신사1동,2018
은평구,녹번동,2020
은평구,수색동,2006
은평구,구산동,2010
은평구,신사2동,2010
은평구,수색동,2010
은평구,진관동,2010
은평구,불광2동,2010
은평구,응암1동,2010
은평구,녹번동,2010
은평구,응암1동,2015
은평구,응암2동,2015
은평구,신사1동,2018
은평구,불광1동,2020
은평구,응암2동,2013
은평구,진관동,2019
은평구,응암3동,2021
은평구,불광1동,2006
은평구,응암2동,2016
은평구,녹번동,2008
은평구,신사2동,2019
은평구,구산동,1997
서대문구,충현동,1997
서대문구,홍은2동,1995
서대문구,남가좌1동,2015
서대문구,홍제1동,1995
서대문구,천연동,1996
서대문구,신촌동,1997
서대문구,충현동,1997
서대문구,북가좌1동,1995
서대문구,북아현동,1997
서대문구,홍제1동,1998
서대문구,남가좌2동,1995
서대문구,연희동,1998
서대문구,홍제3동,1995
서대문구,신촌동,1996
서대문구,홍은2동,2002
서대문구,홍제3동,1998
서대문구,홍은1동,1995
서대문구,신촌동,1995
서대문구,충현동,1996
서대문구,북가좌2동,1998
서대문구,북아현동,2010
서대문구,북가좌2동,1998
서대문구,신촌동,1998
서대문구,남가좌동,2009
서대문구,신촌동,2010
서대문구,응암3동,2009
서대문구,홍제1동,2007
서대문구,홍제2동,2009
서대문구,홍제1동,2010
서대문구,홍제3동,2009
서대문구,천연동,2010
서대문구,홍제3동,2010
서대문구,홍은1동,2010
서대문구,천연동,2006
서대문구,홍제2동,2018
서대문구,신촌동,2010
서대문구,남가좌2동,2010
서대문구,연희동,2016
마포구,공덕동,1995
마포구,망원2동,1995
마포구,도화동,1995
마포구,망원2동,1995
마포구,상암동,2005
마포구,상암동,2007
마포구,서강동,1995
마포구,서교동,1996
마포구,합정동,1996
마포구,성산1동,1995
마포구,성산2동,1995
마포구,공덕동,1995
마포구,성산2동,1996
마포구,신수동,1995
마포구,아현동,1995
마포구,용강동,1995
마포구,대흥동,1995
마포구,성산2동,1995
마포구,대흥동,1996
마포구,상암동,2010
마포구,염리동,1996
마포구,성산1동,1995
마포구,상암동,2009
마포구,성산1동,2009
마포구,연남동,2010
마포구,서교동,2007
마포구,도화동,2010
마포구,도화동,2004
마포구,성산2동,1997
마포구,신수동,2013
마포구,성산2동,1999
마포구,상암동,2010
마포구,염리동,2005
마포구,연남동,2004
마포구,공덕동,2010
마포구,도화동,2010
마포구,상암동,2010
마포구,상암동,2010
마포구,대흥동,2010
마포구,대흥동,2010
마포구,서교동,2018
마포구,도화동,2008
마포구,대흥동,2018
마포구,망원2동,2008
마포구,서강동,2015
마포구,성산2동,2008
마포구,신수동,2016
마포구,서강동,2016
마포구,도화동,2008
마포구,서강동,2008
마포구,상암동,2010
양천구,신정7동,1997
양천구,신월4동,1996
양천구,신월5동,1996
양천구,신월7동,1997
양천구,목5동,1997
양천구,신정7동,1997
양천구,신정3동,1995
양천구,신정2동,1997
양천구,목1동,2009
양천구,목5동,1998
양천구,목1동,1997
양천구,신월2동,1998
양천구,신정3동,2000
양천구,신월6동,1998
양천구,신정2동,1997
양천구,신정1동,1997
양천구,신월3동,1996
양천구,신정3동,2011
양천구,신월2동,1996
양천구,신정4동,1995
양천구,신정1동,1997
양천구,신정4동,1997
양천구,신월3동,1996
양천구,목2동,1997
양천구,목5동,1997
양천구,목5동,1997
양천구,신정7동,1997
양천구,신정3동,2007
양천구,목4동,1997
양천구,신정3동,2004
양천구,신정3동,2010
양천구,신월3동,2010
양천구,신정2동,1998
양천구,목3동,1998
양천구,신월4동,1998
양천구,신정4동,2010
양천구,신정7동,1998
양천구,목1동,1999
양천구,신월7동,1998
양천구,목5동,2010
양천구,신정3동,2016
양천구,신정6동,2007
양천구,목2동,2008
양천구,신정3동,2010
양천구,목5동,2010
양천구,신정7동,1998
양천구,목5동,1998
양천구,신정4동,1999
양천구,목5동,2010
양천구,목5동,1997
양천구,신정3동,2010
양천구,신월3동,2010
양천구,신정4동,2010
양천구,목5동,2010
양천구,목5동,2010
양천구,신정3동,2010
양천구,신월1동,2008
양천구,목1동,1997
양천구,신정3동,2012
양천구,목2동,1997
양천구,신월5동,2010
양천구,목2동,2019
양천구,목5동,2008
양천구,목4동,2008
양천구,신정7동,1997
양천구,신정3동,2010
양천구,신월3동,1997
양천구,신정4동,2008
양천구,신정4동,2010
양천구,목3동,1997
양천구,신월3동,1997
양천구,신월7동,2024
양천구,신월4동,2010
양천구,신정1동,2010
양천구,신월7동,2020
양천구,신정6동,1997
양천구,목2동,2008
양천구,신정4동,2011
양천구,신월7동,2008
양천구,신월2동,2008
양천구,신월6동,2011
양천구,신월6동,2019
양천구,신월4동,2015
강서구,발산1동,1995
강서구,가양3동,1997
강서구,방화1동,1997
강서구,공항동,1997
강서구,방화1동,1997
강서구,우장산동,1997
강서구,등촌2동,2009
강서구,등촌3동,1997
강서구,화곡6동,1997
강서구,등촌3동,1997
강서구,등촌3동,1997
강서구,등촌2동,1997
강서구,등촌3동,1997
강서구,발산1동,1995
강서구,방화2동,1995
강서구,등촌1동,1995
강서구,방화3동,1995
강서구,공항동,1996
강서구,방화1동,1997
강서구,발산1동,2008
강서구,화곡4동,1995
강서구,화곡1동,1996
강서구,화곡2동,1996
강서구,가양1동,1997
강서구,염창동,2005
강서구,염창동,1998
강서구,염창동,1997
강서구,우장산동,1996
강서구,화곡1동,1997
강서구,방화3동,1995
강서구,방화3동,1995
강서구,가양2동,1997
강서구,화곡본동,1996
강서구,화곡본동,2005
강서구,등촌3동,1997
강서구,화곡6동,2009
강서구,가양1동,1999
강서구,화곡4동,1998
강서구,등촌1동,2007
강서구,등촌2동,1997
강서구,방화1동,1998
강서구,등촌3동,1997
강서구,방화2동,2022
강서구,방화1동,2015
강서구,화곡본동,2003
강서구,가양1동,2003
강서구,화곡8동,1997
강서구,발산1동,2009
강서구,화곡2동,2003
강서구,우장산동,2018
강서구,화곡3동,2004
강서구,공항동,1997
강서구,방화1동,1997
강서구,우장산동,1997
강서구,염창동,2005
강서구,방화3동,1995
강서구,화곡본동,2005
강서구,가양1동,2019
강서구,화곡1동,2017
강서구,화곡1동,2020
강서구,방화2동,2016
강서구,가양1동,2020
강서구,우장산동,2023
강서구,화곡본동,2019
강서구,화곡3동,2020
강서구,화곡3동,2021
강서구,화곡4동,2009
강서구,화곡8동,2016
강서구,화곡4동,2020
강서구,염창동,2011
강서구,화곡본동,2021
강서구,우장산동,2009
강서구,발산1동,2018
강서구,등촌1동,2022
강서구,방화2동,2020
강서구,염창동,2015
강서구,화곡8동,2016
강서구,화곡8동,2016
강서구,방화3동,2016
강서구,방화2동,2014
강서구,공항동,2009
강서구,화곡6동,1997
강서구,가양2동,2021
강서구,화곡본동,2020
강서구,화곡4동,2020
강서구,내발산동,2025
구로구,개봉3동,1996
구로구,개봉3동,1995
구로구,개봉3동,1997
구로구,고척1동,1995
구로구,고척1동,2004
구로구,고척1동,1995
구로구,구로3동,1995
구로구,구로2동,1995
구로구,구로1동,1996
구로구,고척2동,1995
구로구,구로4동,1995
구로구,개봉1동,1995
구로구,구로5동,2001
구로구,고척2동,1995
구로구,구로5동,1996
구로구,신도림동,1997
구로구,신도림동,2001
구로구,구로3동,1996
구로구,가리봉동,1996
구로구,오류2동,1996
구로구,오류1동,1996
구로구,오류2동,1995
구로구,수궁동,1997
구로구,오류2동,2011
구로구,오류2동,2018
구로구,항동,2018
구로구,구로3동,1998
구로구,오류2동,1995
구로구,개봉2동,2009
구로구,신도림동,2009
구로구,구로2동,2010
구로구,오류2동,2014
구로구,구로1동,2006
구로구,수궁동,1998
구로구,오류2동,2013
구로구,오류1동,2010
구로구,개봉3동,2010
구로구,고척1동,2010
구로구,개봉1동,2010
구로구,구로5동,2010
구로구,신도림동,2010
구로구,구로3동,2010
구로구,개봉3동,2010
구로구,구로2동,2010
구로구,구로1동,2009
구로구,수궁동,2010
구로구,고척1동,2010
구로구,구로5동,2013
구로구,오류1동,2010
구로구,오류2동,2014
구로구,개봉3동,2010
구로구,오류1동,2019
구로구,항동,2016
구로구,수궁동,2007
구로구,항동,2007
구로구,오류2동,2018
금천구,시흥2동,2003
금천구,독산1동,1995
금천구,독산1동,2016
금천구,시흥2동,2003
금천구,시흥3동,1998
금천구,시흥5동,1997
금천구,독산2동,1995
금천구,독산1동,1995
금천구,독산2동,1995
금천구,시흥1동,1997
금천구,독산3동,1996
금천구,시흥5동,1995
금천구,시흥1동,1997
금천구,시흥4동,1995
금천구,독산1동,1996
금천구,독산3동,1995
금천구,독산4동,1996
금천구,시흥2동,1995
금천구,독산3동,2010
금천구,시흥3동,2010
금천구,시흥2동,2010
금천구,독산1동,2010
금천구,시흥5동,2010
금천구,가산동,2011
금천구,독산3동,1999
금천구,시흥1동,2012
금천구,독산1동,2009
금천구,시흥1동,2009
금천구,독산2동,1998
금천구,독산3동,2012
금천구,독산3동,2011
금천구,시흥3동,2012
금천구,독산2동,2015
금천구,시흥4동,2012
금천구,시흥5동,2006
금천구,독산2동,2012
금천구,독산4동,1999
금천구,가산동,2006
금천구,시흥5동,2009
금천구,가산동,2011
금천구,시흥1동,2011
금천구,시흥5동,2006
금천구,독산2동,2013
영등포구,양평2동,1995
영등포구,당산2동,1995
영등포구,양평1동,1995
영등포구,신길6동,1995
영등포구,대림2동,1995
영등포구,신길7동,1998
영등포구,신길5동,1995
영등포구,신길3동,1995
영등포구,대림3동,1995
영등포구,문래동,1995
영등포구,양평2동,2007
영등포구,대림1동,1997
영등포구,대림3동,1995
영등포구,여의동,1995
영등포구,당산2동,1995
영등포구,문래동,1996
영등포구,대림2동,1996
영등포구,문래동,2005
영등포구,신길1동,1995
영등포구,영등포본동,2001
영등포구,영등포동,1995
영등포구,신길4동,1998
영등포구,여의동,1996
영등포구,도림동,2012
영등포구,신길4동,2008
영등포구,신길3동,2008
영등포구,당산1동,2009
영등포구,신길5동,2009
영등포구,신길7동,1999
영등포구,신길4동,1998
영등포구,영등포본동,2008
영등포구,양평1동,2010
영등포구,영등포동,1998
영등포구,신길3동,2008
영등포구,당산1동,2009
영등포구,여의동,1998
영등포구,대림3동,2008
영등포구,대림3동,2008
영등포구,대림3동,2009
영등포구,대림1동,2009
영등포구,당산2동,2009
영등포구,양평2동,2009
영등포구,영등포동,1997
영등포구,양평1동,2010
영등포구,대림2동,2010
영등포구,대림3동,2010
영등포구,문래동,2010
영등포구,대림2동,2010
영등포구,영등포동,2010
영등포구,여의동,2010
영등포구,여의동,2014
영등포구,여의동,2009
영등포구,신길6동,2011
영등포구,당산2동,2009
영등포구,당산2동,2022
영등포구,당산1동,2017
영등포구,신길5동,2009
영등포구,양평1동,2009
영등포구,양평1동,2012
영등포구,양평2동,2022
영등포구,신길4동,2011
영등포구,신길4동,2011
영등포구,신길7동,2011
영등포구,대림3동,2009
동작구,상도1동,1995
동작구,사당1동,1995
동작구,사당3동,1995
동작구,노량진1동,1997
동작구,대방동,1997
동작구,사당2동,1997
동작구,신대방1동,1995
동작구,신대방2동,2005
동작구,노량진1동,1997
동작구,사당3동,2007
동작구,상도4동,1997
동작구,상도1동,2012
동작구,대방동,1996
동작구,사당5동,1995
동작구,상도2동,1995
동작구,노량진1동,1997
동작구,대방동,1995
동작구,흑석동,1996
동작구,사당5동,1996
동작구,흑석동,1998
동작구,흑석동,1996
동작구,상도1동,2009
동작구,사당1동,1995
동작구,흑석동,1998
동작구,노량진2동,1997
동작구,대방동,2003
동작구,상도1동,2014
동작구,노량진1동,2003
동작구,흑석동,1996
동작구,상도4동,1998
동작구,노량진1동,2018
동작구,대방동,1997
동작구,신대방1동,2003
동작구,상도3동,1998
동작구,흑석동,1999
동작구,상도4동,2009
동작구,상도2동,2019
동작구,사당5동,1995
동작구,상도4동,2021
동작구,상도3동,2023
동작구,대방동,2007
동작구,흑석동,2020
동작구,사당1동,2012
동작구,사당3동,2013
동작구,사당4동,2019
동작구,상도1동,2010
동작구,상도4동,2014
동작구,신대방1동,2023
동작구,사당3동,2006
동작구,상도1동,2006
동작구,사당2동,2021
동작구,사당1동,2006
동작구,흑석동,2014
동작구,흑석동,2019
동작구,상도2동,2024
동작구,상도4동,1995
동작구,대방동,2020
동작구,사당2동,2020
동작구,사당4동,2020
동작구,사당4동,2020
동작구,사당2동,2017
관악구,청룡동,1995
관악구,성현동,1995
관악구,난곡동,1995
관악구,미성동,1995
관악구,난향동,1995
관악구,신사동,1995
관악구,보라매동,1995
관악구,미성동,1995
관악구,행운동,1998
관악구,성현동,2003
관악구,남현동,1995
관악구,대학동,1996
관악구,신원동,1996
관악구,중앙동,1996
관악구,서림동,1998
관악구,삼성동,1995
관악구,행운동,1995
관악구,삼성동,2003
관악구,은천동,1996
관악구,낙성대동,1995
관악구,조원동,2005
관악구,청룡동,1995
관악구,난향동,2009
관악구,행운동,1998
관악구,삼성동,1998
관악구,은천동,1997
관악구,성현동,1998
관악구,남현동,1998
관악구,삼성동,2010
관악구,청림동,2005
관악구,성현동,1997
관악구,난곡동,1998
관악구,서림동,2015
관악구,인헌동,1997
관악구,서림동,1998
관악구,미성동,1998
관악구,청림동,1997
관악구,청룡동,2010
관악구,난곡동,2010
관악구,행운동,2010
관악구,대학동,2010
관악구,서림동,2010
관악구,행운동,2010
관악구,은천동,2010
관악구,청룡동,2010
관악구,삼성동,2013
관악구,인헌동,2021
관악구,난향동,2021
관악구,미성동,2010
관악구,청림동,2010
관악구,조원동,2007
관악구,난곡동,2015
관악구,신사동,2010
관악구,서원동,2013
관악구,은천동,1997
관악구,조원동,1997
관악구,은천동,2022
관악구,인헌동,2015
관악구,미성동,2018
관악구,보라매동,1997
관악구,난향동,1997
관악구,난곡동,2020
관악구,은천동,2021
관악구,은천동,2021
관악구,난곡동,2020
관악구,미성동,2020
관악구,난곡동,2020
관악구,미성동,2020
관악구,행운동,2003
서초구,반포2동,2006
서초구,서초1동,1996
서초구,양재2동,2008
서초구,반포3동,1995
서초구,반포본동,1996
서초구,방배4동,1998
서초구,방배1동,1996
서초구,방배3동,1996
서초구,방배본동,1995
서초구,반포1동,1996
서초구,서초2동,1996
서초구,서초1동,1998
서초구,서초4동,1996
서초구,잠원동,1998
서초구,서초3동,1996
서초구,양재1동,1996
서초구,내곡동,2014
서초구,양재1동,2012
서초구,양재1동,2013
서초구,양재1동,1996
서초구,서초4동,1998
서초구,반포1동,1995
서초구,방배2동,1998
서초구,반포2동,1995
서초구,양재2동,1999
서초구,방배3동,2010
서초구,방배4동,2010
서초구,양재1동,2013
서초구,내곡동,2015
서초구,양재1동,2014
서초구,서초1동,1999
서초구,양재1동,1999
서초구,반포2동,2010
서초구,잠원동,1998
서초구,반포3동,2010
서초구,반포본동,2010
서초구,방배4동,2010
서초구,방배본동,2010
서초구,내곡동,2014
서초구,양재1동,2012
서초구,양재1동,2013
서초구,양재1동,1996
서초구,서초4동,2010
서초구,내곡동,2019
서초구,서초4동,2019
서초구,방배2동,2019
서초구,반포1동,1995
서초구,반포4동,2014
서초구,반포3동,2021
서초구,방배1동,2023
서초구,방배4동,2019
서초구,방배3동,2024
서초구,방배4동,2023
서초구,방배4동,2019
서초구,서초1동,2008
서초구,서초1동,2019
서초구,반포4동,2008
서초구,반포2동,2006
서초구,양재2동,2019
서초구,양재2동,2019
서초구,방배2동,2019
서초구,반포4동,2014
서초구,방배2동,2024
서초구,방배2동,2018
서초구,양재2동,2019
서초구,반포1동,2008
서초구,반포4동,2013
서초구,방배본동,2019
서초구,방배1동,2019
서초구,반포3동,2016
서초구,반포1동,1995
서초구,양재1동,2021
서초구,서초2동,2017
서초구,방배2동,2009
서초구,서초2동,2017
서초구,서초2동,2017
서초구,서초2동,2008
서초구,반포3동,2018
서초구,방배3동,2008
서초구,서초1동,2008
서초구,방배본동,2023
서초구,서초2동,2008
서초구,방배4동,1998
서초구,방배4동,2008
서초구,양재1동,2016
서초구,서초1동,2008
서초구,내곡동,2019
서초구,내곡동,1997
서초구,내곡동,2020
서초구, 반포4동,2021
서초구,반포2동,2006
서초구,반포4동,2018
서초구,양재1동,2022
서초구,잠원동,2025
강남구,개포1동,1997
강남구,개포2동,1997
강남구,개포2동,2023
강남구,개포4동,1997
강남구,논현1동,1996
강남구,대치2동,1995
강남구,도곡2동,1997
강남구,일원본동,1997
강남구,세곡동,1995
강남구,개포3동,1997
강남구,일원1동,1998
강남구,대치1동,1998
강남구,대치2동,1995
강남구,대치4동,1995
강남구,역삼2동,1995
강남구,삼성1동,1995
강남구,삼성2동,1995
강남구,세곡동,2012
강남구,수서동,1997
강남구,신사동,1996
강남구,압구정동,1997
강남구,개포2동,1998
강남구,청담동,1996
강남구,도곡1동,1997
강남구,역삼1동,1997
강남구,일원1동,1996
강남구,일원본동,1997
강남구,세곡동,2013
강남구,개포2동,1996
강남구,세곡동,2015
강남구,청담동,1995
강남구,개포4동,1995
강남구,논현2동,1996
강남구,일원본동,2019
강남구,도곡2동,2009
강남구,개포2동,1997
강남구,대치1동,1999
강남구,수서동,2007
강남구,개포2동,2023
강남구,세곡동,2015
강남구,논현2동,2007
강남구,청담동,1999
강남구,삼성1동,1997
강남구,개포3동,1997
강남구,청담동,2013
강남구,개포4동,2007
강남구,일원본동,1999
강남구,대치2동,2010
강남구,수서동,2010
강남구,역삼1동,2010
강남구,일원1동,2022
강남구,삼성1동,2012
강남구,삼성2동,2012
강남구,대치2동,2012
강남구,논현1동,2011
강남구,일원1동,2013
강남구,대치2동,2011
강남구,개포3동,2011
강남구,일원본동,2019
강남구,압구정동,2013
강남구,세곡동,2013
강남구,대치1동,2020
강남구,논현1동,2012
강남구,삼성1동,2011
강남구,삼성2동,2011
강남구,도곡1동,2012
강남구,대치4동,2011
강남구,도곡2동,2011
강남구,세곡동,2017
강남구,수서동,2012
강남구,신사동,2012
강남구,삼성2동,2019
강남구,압구정동,2013
강남구,압구정동,2012
강남구,역삼2동,2013
강남구,역삼1동,2012
강남구,논현2동,2011
강남구,개포4동,2020
강남구,삼성2동,2011
강남구,일원본동,2012
강남구,청담동,2012
강남구,청담동,2011
강남구,역삼1동,2016
강남구,대치4동,2011
강남구,세곡동,2011
강남구,삼성1동,2011
강남구,대치1동,2018
강남구,대치2동,2011
강남구,일원본동,1998
강남구,삼성1동,2010
강남구,대치4동,2020
강남구,대치1동,2020
강남구,대치2동,2020
강남구,대치2동,1998
강남구,대치2동,2020
강남구,대치4동,2020
강남구,대치2동,2020
강남구,대치1동,2020
강남구,대치1동,2020
강남구,대치1동,2020
강남구,대치1동,2020
강남구,역삼2동,2020
강남구,대치1동,2020
강남구,대치1동,2020
강남구,대치1동,2020
강남구,대치4동,2020
강남구,대치4동,2020
송파구,가락2동,2007
송파구,가락1동,2019
송파구,문정2동,2006
송파구,가락2동,2005
송파구,오금동,2008
송파구,오금동,2003
송파구,거여2동,2007
송파구,마천2동,2006
송파구,마천1동,2005
송파구,장지동,2006
송파구,문정1동,2004
송파구,장지동,2008
송파구,방이1동,2005
송파구,방이1동,2004
송파구,잠실3동,2015
송파구,삼전동,2005
송파구,석촌동,2005
송파구,오륜동,2006
송파구,위례동,2013
송파구,잠실3동,2007
송파구,송파1동,2004
송파구,가락본동,2005
송파구,잠실3동,2007
송파구,잠실7동,2006
송파구,거여1동,2005
송파구,오금동,2006
송파구,오륜동,2007
송파구,위례동,2016
송파구,위례동,2022
송파구,잠실6동,2007
송파구,잠실2동,2008
송파구,잠실4동,2008
송파구,잠실2동,2008
송파구,잠실본동,2006
송파구,잠실4동,2008
송파구,송파2동,2005
송파구,풍납2동,2006
송파구,가락본동,2006
송파구,풍납1동,2005
송파구,풍납2동,2006
송파구,가락1동,2019
송파구,풍납2동,2009
송파구,석촌동,2009
송파구,장지동,2009
송파구,위례동,2014
송파구,송파2동,2008
송파구,위례동,2022
송파구,석촌동,2007
송파구,장지동,2021
송파구,방이2동,2009
송파구,장지동,2009
송파구,거여2동,2010
송파구,송파2동,2009
송파구,가락2동,2008
송파구,가락2동,2008
송파구,송파2동,2016
송파구,잠실4동,2009
송파구,가락2동,2009
송파구,가락1동,2010
송파구,오금동,2010
송파구,거여2동,2023
송파구,마천2동,2023
송파구,방이1동,2023
송파구,오륜동,2010
송파구,잠실3동,2010
송파구,송파1동,2023
송파구,잠실3동,2010
송파구,잠실7동,2023
송파구,거여1동,2023
송파구,잠실2동,2010
송파구,잠실2동,2010
송파구,가락본동,2023
송파구,가락본동,2010
송파구,거여1동,2015
송파구,거여2동,2010
송파구,마천2동,2010
송파구,마천2동,2010
송파구,삼전동,2023
송파구,마천1동,2010
송파구,장지동,2010
송파구,마천2동,2010
송파구,삼전동,2021
송파구,풍납2동,2006
송파구,송파1동,2006
송파구,잠실본동,2011
송파구,풍납2동,2006
송파구,석촌동,2018
송파구,잠실본동,2017
송파구,오금동,2022
송파구,오금동,2006
송파구,가락2동,2020
송파구,잠실4동,2010
송파구,마천1동,2009
송파구,마천2동,2010
송파구,풍납2동,2009
송파구,풍납1동,2010
송파구,송파1동,2011
송파구,장지동,2009
강동구,고덕2동,1996
강동구,천호2동,1995
강동구,상일2동,2011
강동구,강일동,2021
강동구,강일동,2017
강동구,강일동,2009
강동구,고덕2동,1995
강동구,명일1동,1995
강동구,상일1동,1998
강동구,상일1동,2020
강동구,길동,1996
강동구,명일2동,1995
강동구,둔촌1동,1998
강동구,고덕1동,1998
강동구,명일2동,1996
강동구,암사1동,1997
강동구,고덕1동,1998
강동구,상일1동,1998
강동구,둔촌2동,1995
강동구,암사2동,2001
강동구,성내1동,1995
강동구,성내1동,1995
강동구,길동,1998
강동구,암사2동,1997
강동구,둔촌1동,1996
강동구,길동,1996
강동구,천호1동,1995
강동구,천호1동,1995
강동구,둔촌2동,1997
강동구,명일2동,1998
강동구,상일2동,2012
강동구,강일동,2014
강동구,상일1동,2012
강동구,천호2동,2010
강동구,명일2동,1998
강동구,둔촌2동,2010
강동구,고덕1동,2010
강동구,길동,1999
강동구,암사1동,2010
강동구,상일1동,2021
강동구,고덕2동,2009
강동구,암사2동,2009
강동구,천호2동,2003
강동구,성내3동,1998
강동구,명일2동,1998
강동구,성내1동,2003
강동구,천호3동,1997
강동구,천호3동,1997
강동구,고덕2동,2010
강동구,명일1동,2010
강동구,길동,2010
강동구,둔촌2동,2010
강동구,둔촌1동,2010
강동구,상일1동,2020
강동구,천호1동,2015
강동구,길동,2013
강동구,암사1동,2010
강동구,강일동,2009
강동구,고덕1동,2016
강동구,상일1동,2019
강동구,천호2동,2010
강동구,고덕2동,2022
강동구,천호2동,2020
강동구,암사3동,2016
강동구,둔촌2동,2010
강동구,암사1동,2010
강동구,성내1동,2023
강동구,암사2동,2007
강동구,성내3동,2017
강동구,명일1동,2013
강동구,암사3동,2018
강동구,천호3동,2010
강동구,천호1동,2013
강동구,성내1동,2018
강동구,길동,2010
강동구,둔촌2동,2013
강동구,암사1동,2015
강동구,성내3동,2010
강동구,길동,2020
강동구,명일2동,2015
강동구,상일1동,1997
강동구,고덕2동,1997
강동구,길동,2021
강동구,암사3동,2021
강동구,고덕2동,2023
